Company_URL,Industry_Type,Company_Address,Company_Country
https://www.sirva.com,Real Estate,"Oakbrook Terrace, Illinois",United States
http://www.cdwg.com,IT Services and IT Consulting,,
http://www.cdwg.com,IT Services and IT Consulting,,
http://www.foremostgroups.com,Wholesale,"East Hanover, NJ",United States
http://www.fdf.org.uk,Food and Beverage Services,London,United Kingdom
,,,
,,,
http://www.cfsigroup.com,Construction,"Dartmouth, Nova Scotia",Canada
,,,
,,,
http://www.billionmilessg.com,Machinery Manufacturing,"Singapore, Singapore",Singapore
http://eemotors.com,Wholesale,"Doral, Florida",United States
,,,
https://ckgroup.co.uk,Staffing and Recruiting,Stevenage,United Kingdom
,,,
http://www.fdf.org.uk,Food and Beverage Services,London,United Kingdom
http://rexgroup.ru,,,
http://ezpaybuildingsllc.com,Financial Services,"WOOSTER, Ohio",United States
https://palaciodosleiloes.com.br,Administração de serviços,"Juatuba, Minas Gerais",Brasil
http://www.powerlift.com,Machinery Manufacturing,"Northridge, California",United States
http://www.pelmorex.com,Information Services,"Oakville, Ontario",Canada
,,,
,,,
,Religious Institutions,"Fresno, California",United States
http://floraalpina.ch,,,
https://everview.io,IT Services and IT Consulting,"Carlstadt, New Jersey",United States
http://www.lhh.com,Human Resources Services,"Jacksonville, Florida",United States
http://www.e-wikom.de,Renewables & Environment,"Wanfried, Hesse",Deutschland
http://www.arccspaces.com,Executive Offices,Singapore,Singapore
https://www.MahoneyFoundries.com,Primary Metal Manufacturing,"Kendallville, Indiana",United States
http://www.metronottevigilanza.it,Sicurezza e investigazioni,"Piacenza, Emilia Romagna",Italia
,,,
https://www.ykkfastening.com/,Textile Manufacturing,"Chiyoda-ku, Tokyo",日本
http://www.ohiohistory.org,"Museums, Historical Sites, and Zoos","Columbus, OH",United States
,,,
https://www.persingerlaw.com/,Law Practice,"Charleston, WV",United States
https://mipe.it,Construction,,
,,,
http://www.wingstherapycenter.com,"Physical, Occupational and Speech Therapists",Tanglin,Singapore
http://www.2plan.com,Financial Services,Leeds,United Kingdom
,,,
http://www.siampremier.com,Law Practice,"Pathumwan, Bangkok",ประเทศไทย
https://www.zain.com,Telecommunications,Kuwait,الكويت
http://www.gsaenz.com.mx/,Food & Beverages,Federal District,Brasil
,,,
,,,
,Real Estate,MONTPELLIER,France
,,,
,,,
http://neo-laser.com/,Medical Equipment Manufacturing,"Caesarea , Israel",ישראל
https://www.daniel-mercier.com,Agro-alimentaire,BAUGY,France
https://www.aeroportlleida.cat/en/,Aviation & Aerospace,"Alguaire, Lleida",España
http://www.mehmetceylanyapi.com.tr,Toptan Satış Yapı Malzemeleri,"İzmir, İzmir",Türkiye
http://www.energyinsightinc.com,Environmental Services,"Chanhassen, MN",United States
,,,
https://linktr.ee/piramidaloficial_,Fabricação de plásticos,"Vila Olimpia, Sao Paulo",Brasil
,,,
,,,
https://www.chevalerias.com/,Agriculture,"Montbron, Nouvelle-Aquitaine",France
http://www.faithfamilyacademy.org,Education Administration Programs,"DeSoto, TX",United States
https://dasholding.ae/,Investment Management,"Abu Dhabi, Abu Dhabi",الإمارات العربية المتحدة
http://www.sharonibillik.com,Pharmaceutical Manufacturing,"Los Angeles, CA",United States
http://www.eljayoil.com,Oil and Gas,"Spokane, WA",United States
https://scottpartners.com.au,Accounting,"Malvern, Vic",Australia
http://www.beamconstruction.com/,Construction,"Cherryville, North Carolina",United States
http://stavinvest.cz,,,
,,,
http://www.milbermakris.com/,Law Practice,"Woodbury, New York",United States
http://www.pelicanwoodcliff.com,Real Estate,,
http://www.carthageareahospital.com,Hospitals and Health Care,"Carthage, NY",United States
http://www.clearcreekpartners.com,Financial Services,"Denver, CO",United States
www.sinloc.com,Investment Management,"Padova, Italia",Italia
http://www.deeroaks.com,Mental Health Care,"San Antonio, Texas",United States
http://www.co-collections.com,Retail Apparel and Fashion,"Los Angeles, California",United States
http://www.sd69.bc.ca/,,,
http://www.monaco-technologies.com,IT Services and IT Consulting,Monaco,Monaco
https://www.hanwha.com/en.html,Chemical Manufacturing,Seoul,대한민국
https://personalinjury305.com/,Legal Services,Miami,United States
http://marianoshoes.com,Retail Luxury Goods and Jewelry,São João da Madeira,Portugal
,,,
http://www.ragasa.com.mx/,Servicios de alimentos y bebidas,"Monterrey, Nuevo León",México
,,,
https://www.meroso.be,Food and Beverage Manufacturing,"Ramsdonk, Flemish Region",België / Belgique / Belgien
http://www.concrejato.com.br,Obras de infra-estrutura,"São Paulo, SP",Brasil
,Design Services,"Gandhinagar, Gujarat",India
http://www.nobleweb.com,Real Estate,"Lancaster, Pennsylvania",United States
http://www.GormanUSA.com,Real Estate,"Oregon, WI",United States
,,,
http://www.esprigas.com,"Transportation, Logistics, Supply Chain and Storage","Atlanta, Georgia",United States
https://www.cciamp.com/,Administration publique,"Marseille, Bouches du Rhône",France
,,,
http://www.ramlowstein.com,Architecture and Planning,"Milwaukee, WI",United States
http://shopneolife.com,Wellness and Fitness Services,"Santa Clara, CA",United States
http://seasonsdarlingharbour.com.au,Hospitality,"Sydney, New South Wales",Australia
http://www.nerolac.com,Consumer Goods,"Mumbai, Maharashtra",India
http://green-hydrogen.com,Renewable Energy Semiconductor Manufacturing,"Cardiff, Wales",United Kingdom
https://designlinkarchitects.com/,Architecture and Planning,"SINGAPORE, SINGAPORE",Singapore
,,,
,,,
https://www.cciamp.com/,Administration publique,"Marseille, Bouches du Rhône",France
http://www.konkconsulting.com,Software Development,Porto,Portugal
https://www.hamiltonkw.com/index.php,Consumer Services,Kuwait city,الكويت
http://www.mayair.com.my,Environmental Services,Global,Canada
http://www.vodatech.com.ng,IT Services and IT Consulting,,
http://mobi-mat.com,Defense and Space Manufacturing,"La Couronne, Nouvelle-Aquitaine",France
http://WWW.ABZARSARA.COM,Wholesale,"Tehran, Tehran",ایران
http://biso.dk,IT Services and IT Consulting,"Copenhagen, Danmark",Danmark
,,,
,,,
,,,
https://skystar.vc/,Pimpinan Modal Usaha dan Ekuitas Swasta,Jakarta,Indonesia
http://www.zep.com/,Chemical Manufacturing,"Atlanta, Georgia",United States
http://www.rydershealth.com,Hospitals and Health Care,,
,,,
http://www.alpepipesystems.com,Wholesale,"Stams, Tirol/Österreich",Österreich
http://www.optoflux.com,Plastics Manufacturing,"Nürnberg, Mittelfranken, Bavaria",Deutschland
,,,
,,,
http://www.tavlit.co.il,Farming,"Yavne, il",ישראל
https://www.magasins-u.com/magasin/superu-nieulsurmer,Retail,Nieul sur mer,France
http://www.feuille-erable.fr,Collecte des déchets,RENNES,France
http://ets-dollinger.com,,,
https://www.locaparctp.com,Financial Services,GUIBEVILLE,France
https://www.bocca-sacs.com,Commerce de gros,RUNGIS MIN,France
,,,
https://www.inouemfg.com/en/,Industrial Machinery Manufacturing,"Pune-Ahmednagar , Maharashtra",India
,,,
http://www.otltd.co.uk,Manufacturing,"Leeds, West Yorkshire",United Kingdom
https://www.acolea.org/,Organismes civiques et sociaux,"Lyon, Auvergne-Rhône-Alpes",France
http://www.guillerm.fr/,Construction,Plouvorn,France
,,Lichtervelde,België / Belgique / Belgien
https://www.emecpumps.com,Industrial Machinery Manufacturing,"Rieti, RI",Italia
http://www.texlinemerch.com,Retail Apparel and Fashion,"Tirupur, Tamil Nadu",India
http://www.texlinemerch.com,Retail Apparel and Fashion,"Tirupur, Tamil Nadu",India
http://www.csem.ch,Forschung,Neuchâtel,Schweiz/Suisse/Svizzera/Svizra
,,,
http://www.tuvsud.com,International Trade and Development,"Munich, Germany",Deutschland
http://www.uprepschool.org,Primary and Secondary Education,"Denver, CO",United States
http://thejamaicainn.co.uk,Hospitality,Bangor,United States
,,,
,,,
http://wkclawfirm.com,Law Practice,"Rock Island, Illinois",United States
http://greenside.herts.sch.uk,Education Administration Programs,Stevenage,United Kingdom
,,,
https://www.casa-andina.com,Hostelería,"Lima, Lima",Perú
,,,
https://www.mergerecords.com/,Musicians,,
https://recamlaser.com/,Minería,"Caldes de Montbui, Barcelona",España
http://www.carolfoxassociates.com,Public Relations and Communications Services,"Chicago, IL",United States
http://www.cloverbrook.com/,Textile Manufacturing,Burnley,United Kingdom
http://immoselekt.be,,,
https://www.fimadev.fr,Business Consulting and Services,AHUY,France
,,,
https://www.cm.com,Information Technology & Services,"Breda, Noord-Brabant",Nederland
http://Distribuidoradavidsa.com,Motor Vehicle Manufacturing,,
,,,
,,,
https://qintess.com/,Serviços e consultoria de TI,São Paulo,Brasil
http://www.newsupri.com.br/,IT Services and IT Consulting,"Recife, Pernambuco",Brasil
http://www.jhilburn.com/,Retail Apparel and Fashion,"Dallas, TX",United States
https://www.grupomartex.com,Textile Manufacturing,Mexico City,México
http://www.purever.com,Business Supplies & Equipment,"Madrid, Madrid",United States
,,,
,,,
https://apdparcel.com.au/,Freight and Package Transportation,"Dudley Park, South Australia",Australia
http://decrolyamericano.edu.gt/,Education Administration Programs,"Guatemala, Mixco",Guatemala
,Legal Services,"Los Angeles, California",United States
http://phito.com.br,Serviços de bem-estar e condicionamento físico,"sorocaba, São Paulo",Brasil
,,,
https://www.umchealthsystem.com/,Hospitals and Health Care,"Lubbock, TX",United States
https://www.sglcarbon.com/datenschutz/,Chemical Manufacturing,"Wiesbaden, Hessen",Deutschland
http://www.kriegerklatt.com,Architecture and Planning,,
http://www.biophysics.org,Research,"Rockville, Maryland",United States
http://www.sfjazz.org,Performing Arts,"San Francisco, CA",United States
,,,
http://www.qatarbuildingcompany.com,Construction,"Doha, Doha",Maroc ⵍⵎⵖⵔⵉⴱ المغرب
,,,
http://www.econsult.net,Software Development,"London, County (optional)",
,,,
,,Tremelo,België / Belgique / Belgien
https://www.rappenglitz.de/,Advertising Services,"Maisach, Bayern",Deutschland
,,,
http://www.meaf.com,Machinery Manufacturing,"Yerseke, Zeeland",Nederland
https://www.roxcel.com,Paper and Forest Product Manufacturing,Vienna,Österreich
https://www.zaun.co.uk,Construction,Wolverhampton,United Kingdom
http://www.difccourts.ae,Administration of Justice,"Dubai, UAE",الإمارات العربية المتحدة
https://sekuro.io/,Computer and Network Security,"Haymarket, New South Wales",Australia
http://www.asi.company,Motor Vehicle Manufacturing,London,United Kingdom
http://www.csem.ch,Forschung,Neuchâtel,Schweiz/Suisse/Svizzera/Svizra
https://www.janus-engineering.com/us_en/,,,
https://www.janus-engineering.com/us_en/,IT Services and IT Consulting,"Morgan Hill, California",United States
http://www.ricks-motorcycles.de,Consumer Services,"Baden-Baden, Baden-Württemberg",Deutschland
https://www.janus-engineering.com/us_en/,,,
,,,
http://cbcstjohns.co.za,Education Administration Programs,,
http://www.fashions-uk.com/,Retail,Leicester,United Kingdom
,,,
http://www.etisaleg.com,Computers and Electronics Manufacturing,"Cairo, Fifth Settlement",Egypt مصر
http://www.independence.k12.ia.us,Primary and Secondary Education,"Independence, Iowa",United States
http://www.wuppermann.com,Mining,Leverkusen,Deutschland
http://www.unitycouncil.org,Non-profit Organizations,"Oakland, CA",United States
,,,
http://www.iQcontrols.net,Construction,"Walnut Creek, CA",United States
http://www.Armortex.com,Wholesale Building Materials,"Schertz, TX",United States
,,,
http://ptboro.com,,"Point Pleasant, NJ",United States
http://www.floodlaw.com,Law Practice,"Royal Oak, Michigan",United States
http://www.admsc.com,خدمات المرافق,,
http://www.fec-tech.com,Aviation and Aerospace Component Manufacturing,"PLAINVIEW, NEW YORK",United States
http://constructioncrd.com,Construction,"QUEBEC, Quebec",Canada
,,,
https://www.gerb.com/,Hoch- und Tiefbau,Berlin,Deutschland
https://www.tecnoimpiantiobrelli.com/,Construction,"LAVIS, Tn",Italia
,,,
https://paretophone.com/,Non-profit Organizations,"FORTITUDE VALLEY, QLD",Australia
http://www.salvettillombart.com,Market Research,"BARCELONA, ESPAÑA",España
http://westoaksschool.co.uk,Education Administration Programs,,
https://www.haynesintl.com,Primary Metal Manufacturing,"Kokomo, IN",United States
,Law Practice,"Stade, Lower Saxony",Deutschland
https://www.imperialdade.com/,Business Supplies & Equipment,"Milford, CT",United States
https://panoramaeyecare.com,Hospitals and Health Care,"Fort Collins, Colorado",United States
http://cityserve-mech.co.uk,Construction,DROITWICH,United Kingdom
www.suninsurance.nz,Insurance Agencies and Brokerages,"Auckland, AUK",New Zealand / Aotearoa
,,,
,,,
http://www.equmedia.es,Advertising Services,"Madrid, Madrid",United States
http://www.magnumphotos.com,Photography,"New York, NY",United States
http://www.co-collections.com,Retail Apparel and Fashion,"Los Angeles, California",United States
http://www.energym.io,Wellness and Fitness Services,"Shirley, Solihull, England",United Kingdom
https://www.provincefirm.com/,Financial Services,"Henderson, Nevada",United States
http://www.hgc.com.hk/,Telecommunications,"Hong Kong, Hong Kong",中国
http://www.greatlakesmbpm.com,Medical Practices,"NEW BALTIMORE, MI",United States
,,,
,,,
http://www.affinityhealthservices.net,Business Consulting and Services,"Indiana, Pennsylvania",United States
http://www.selmi-group.it,Business Supplies & Equipment,,
http://www.sommer.agency,Design Services,"Palhoça, Santa Catarina",Brasil
,,,
,,,
http://www.buckprop.com,Real Estate,"Rochester, NY",United States
http://www.siegfried.ch,Pharmaceutical Manufacturing,"Zofingen, Aargau",Schweiz/Suisse/Svizzera/Svizra
http://www.gac.com/egypt,Maritime,"Cairo, Sheraton Heliopolis District",
,,,
http://www.chase.com,Financial Services,"New York, NY",United States
http://www.betalandservices.com,Oil and Gas,"Lafayette, Louisiana",United States
https://recamlaser.com/,Minería,"Caldes de Montbui, Barcelona",España
http://www.eurosupport.it,Financial Services,Milan,Italia
http://www.mitrphol.com/,Food and Beverage Manufacturing,Bangkok,ประเทศไทย
http://guestgroup.com.au,Furniture and Home Furnishings Manufacturing,Mount Waverley,Australia
http://www.oneexchangecorp.com,Oil and Gas,"Calgary, Alberta",Canada
,,,
,,,
http://www.bancodevenezuela.com,Banca,,
https://www.nagase.co.jp/english/,Chemical Manufacturing,"Japan, Tokyo",日本
,,,
www.mundor.com.br,Social Networking Platforms,"São Paulo, São Paulo",Brasil
,,,
www.mundor.com.br,Social Networking Platforms,"São Paulo, São Paulo",Brasil
,,,
,,,
www.mundor.com.br,Social Networking Platforms,"São Paulo, São Paulo",Brasil
,,,
http://www.shakeyspizza.ph/careers.asp,Restaurants,"Paranaque City, NCR",Philippines
https://www.stimgroup.it,Fabbricazione di macchinari industriali,"Cisterna di Latina, Latina",Italia
http://www.aimtron.com/,"Appliances, Electrical, and Electronics Manufacturing","Palatine, IL",United States
,,,
https://www.nagase.co.jp/english/,Chemical Manufacturing,"Japan, Tokyo",日本
https://www.nagase.co.jp/english/,Chemical Manufacturing,"Japan, Tokyo",日本
https://www.nagase.co.jp/english/,Chemical Manufacturing,"Japan, Tokyo",日本
http://www.prioritydispatch.net,Public Safety,"Salt Lake City, UT",United States
,,,
,,,
,,,
http://www.absolutecal.co.uk,"Appliances, Electrical, and Electronics Manufacturing","Fareham, Hampshire",United Kingdom
https://www.triangleilg.org/,Human Resources Services,Raleigh/Durham,United States
https://aquidneckclub.com,Hospitality,"Portsmouth, Rhode Island",United States
http://www.gizavc.com,Venture Capital and Private Equity Principals,Tel Aviv,ישראל
http://www.airtac.com,Industrial Machinery Manufacturing,"NINGBO, ZJ | Zhejiang",中国
,,,
http://www.stainlesstanker.com,Industrial Machinery Manufacturing,"Beloit, WI",United States
http://flybtr.com,Airlines and Aviation,"Baton Rouge, LA",United States
http://www.granulesindia.com,Pharmaceutical Manufacturing,"Hyderabad, AP",India
http://www.primeretailservices.com,Construction,"Flowery Branch, Georgia",United States
http://surfsidefoods.com,Food and Beverage Manufacturing,"Port Norris, New Jersey",United States
http://www.gslelectric.com,Construction,"Sandy, Utah",United States
http://www.eriematerials.com/,Building Materials,"Syracuse, New York",United States
http://www.ai-thermal.com/,Motor Vehicle Manufacturing,,
http://pneusbeaucerons.com,Consumer Services,"Beauceville, Quebec",Canada
http://www.gruppomercurio.com,Truck Transportation,"San Polo - Torrile, Parma",Italia
http://www.wsisd.net,Primary and Secondary Education,,
,,,
http://www.irda.com.my,Perhubungan Kerajaan,"Johor Bahru, Johor",Malaysia
https://www.aekfc.gr,Spectator Sports,"Athens, Attica",Ελλάς
http://manfil.com.br,Retail,"Araxá, Minas Gerais",Brasil
https://www.mundocuervo.com/,Entertainment Providers,Tequila,México
http://www.conseilsante.com,Business Consulting and Services,"Clichy, Île-de-France",France
http://newhorizonsmedical.org,Medical Practices,"Framingham, Massachusetts",United States
http://www.realcomp.com,Real Estate,"Farmington Hills, MI",United States
http://www.screenlineholdings.com/,Retail Apparel and Fashion,"Kelaniya, Western",ශ්‍රී ලංකාව இலங்கை
http://pittsburghpa.gov/,Government Administration,"Pittsburgh, PA",United States
http://pentechsolution.com.my/,IT Services and IT Consulting,Petaling Jaya,Malaysia
http://www.progen.com,Biotechnology,Heidelberg,Deutschland
https://www.birdair.com/,Construction,"Amherst, New York",United States
,,,
http://www.paydaypayroll.com,Human Resources,"Virginia Beach, Virginia",United States
http://dalvikurbyggd.is,,,
,,,
http://www.vcclawservices.com/,Law Practice,"Wan Chai, Hong Kong",中国
http://www.summerwine.biz,Weine und Spirituosen,"Kreuth, Bavaria",Deutschland
http://www.baffetmateriaux.fr/,Wholesale Building Materials,"Saint-Pantaléon de Larche, Limousin",France
http://bintangindokarya.co.id,Spectator Sports,"Brebes, Jawa Tengah",Indonesia
http://www.saragroup.com,Retail,"Dubai, Dubai",الإمارات العربية المتحدة
http://www.enhance-group.com/,Food and Beverage Services,"Dubai, DUBAI",الإمارات العربية المتحدة
http://www.Jeloin.se,Computer Networking,,
http://www.i-prac.com/,Security and Investigations,"London, London",United States
,,,
,,,
,,,
http://www.hgpf.co.za,Financial Services,"Johannesburg, Gauteng",South Africa
,,,
,IT Services and IT Consulting,,
http://www.etships.com,Truck Transportation,"Sylvania, Ohio",United States
,,,
http://fredfeet.com,Medical Practices,"FREDERICKSBURG, Virginia",United States
,,,
,,,
http://www.harwoodlloyd.com,Law Practice,"Hackensack, NJ",United States
http://packageconcepts.com,Packaging and Containers Manufacturing,"Greenville, South Carolina",United States
,,,
http://www.voyageursdumonde.fr,Organisations de voyages,Paris,France
,,,
http://www.ultimateimageprinting.com,Printing Services,"Santa Ana, California",United States
http://www.fams.net,Financial Services,"Woodstock, GA",United States
https://www.kyocera-avx.com,"Appliances, Electrical, and Electronics Manufacturing","Fountain Inn, South Carolina",United States
http://globalinfovision.com,Information Technology & Services,Hyderabad,India
http://joysonsafety.com/,Motor Vehicle Manufacturing,"Auburn Hills, Michigan",United States
https://tryspecter.com/,"Technology, Information and Internet","London, England",United Kingdom
,,,
http://diasporacs.org,Non-profit Organizations,"Brooklyn, New York",United States
,,,
http://www.ebdlab.com,Medical Equipment Manufacturing,"Irvine, California",United States
,,,
http://www.int.anteagroup.com,Environmental Services,"Heerenveen, Friesland",Nederland
,,,
,Education Administration Programs,,
,,,
https://plastictecnic.com/,Pembuatan Plastik,"Bandar Baru Bangi, Selangor",Malaysia
,,,
,,,
http://www.ddmontaza.hr,Industrial Machinery Manufacturing,"Slavonski Brod, Brodsko-posavska zupanija",Hrvatska
http://www.midipapierspeints.fr/index.html,Commerce de gros,TOULOUSE,France
http://sunray.com.sg,Construction,Singapore,Singapore
https://www.chinadailyhk.com/,Newspaper Publishing,Hong Kong,中国
https://www.bankbsi.co.id/,Perbankan,"Jakarta Pusat, DKI Jakarta",Indonesia
,Construction,chandigarh,India
www.mundor.com.br,Social Networking Platforms,"São Paulo, São Paulo",Brasil
http://www.tool-temp.net/,Machinery Manufacturing,"Wellingborough, Northamptonshire",United Kingdom
,,,
www.troteclaser.com,Machinery Manufacturing,"Marchtrenk, Oberösterreich",Österreich
http://weberweber.at,,,
http://prolinerrescue.com,Motor Vehicle Manufacturing,"MEDFORD, New York",United States
http://visegvidros.com.br,Retail,"Barueri, Sp",Brasil
http://vuteq.ca,Motor Vehicle Manufacturing,"Woodstock, ON",Canada
http://www.g4cloud.nl,"Technology, Information and Internet",,
http://www.gocontec.com,"Transportation, Logistics, Supply Chain and Storage","Schenectady, NY",United States
http://www.mbwswim.com/,Apparel & Fashion,,
,,,
http://www.hk-finance.pl,Accounting,"Gdańsk, pomorskie",Polska
,,,
http://www.LayherNA.com,Construction,"Houston, Texas",United States
https://www.smfgindiacredit.com/,Financial Services,"Mumbai, Maharashtra",India
http://www.triaflex.at,Herstellung von Möbeln und Einrichtungsgegenständen,"Linz, Oberösterreich",Österreich
,,,
http://www.multimedica.it,Ospedali e strutture sanitarie,"Sesto San Giovanni, MI",Italia
http://hasenauer-anlagenbau.at,,Saalfelden Am Stein. Meer,Österreich
,,,
,,,
http://www.baughmanco.com,Civil Engineering,"Wichita, KS",United States
http://www.sturtz.com,Machinery Manufacturing,"Twinsburg, OH",United States
,,,
www.keystonesmiles.org,Non-profit Organizations,"KNOX, Pennsylvania",United States
,,"Montaigu, Paysdelaloire",
http://www.stihlusa.com,Wholesale,,
http://www.fsdc.org.hk/en,Financial Services,"Hong Kong , Hong Kong",中国
,,,
http://imanor.gov.ma,Chemical Manufacturing,,
http://www.gruponutresa.com,Servicios de alimentos y bebidas,"Medellín, Antioquia",Colombia
https://www.logicalsolutions.in/,Software Development,"Hyderabad, Outside US and Canada",
http://www.conver-pack.com,Packaging and Containers Manufacturing,"Medley, FL",United States
http://www.abro.com,Motor Vehicle Manufacturing,,
http://www.baffetmateriaux.fr/,Wholesale Building Materials,"Saint-Pantaléon de Larche, Limousin",France
https://www.tigerbrokers.com.sg/,Financial Services,"Singapore, Singapore",Singapore
,,,
http://www.yateemgroup.com/,Retail,"Abu Dhabi, Abu Dhabi",الإمارات العربية المتحدة
,,,
http://www.gpglobal.com,Oil and Gas,"Sharjah, Sharjah",الإمارات العربية المتحدة
http://www.esinsa.com,Fabricación de maquinaria de automatización,"Guatemala, Guatemala",Guatemala
http://corporate.bigc.co.th/en/,การค้าปลีก,"Phra Khanong District, Bangkok City",ประเทศไทย
http://www.garrottbros.com,Construction,"Gallatin, Tennessee",United States
http://www.tf-amd.com.my,Semiconductor Manufacturing,"Bayan Lepas, Pulau Pinang",Malaysia
http://www.soapro.ao,Civil Engineering,"Luanda, Luanda",Angola
http://www.pkffinconta.ro/,Financial Services,"Bucuresti, București",România
,,,
http://www.soshin.co.jp/,,,
http://www.hammondlumber.com,Wholesale Building Materials,"Belgrade, ME",United States
,,,
https://www.fooddeliverybrands.com/,Hospitality,"San Sebastián de los Reyes, Madrid",España
http://www.intuview.com,Software Development,Herzliya Pituach,ישראל
http://www.sommer.agency,Design Services,"Palhoça, Santa Catarina",Brasil
http://www.sharonibillik.com,Pharmaceutical Manufacturing,"Los Angeles, CA",United States
http://www.islandinsurance.com,Insurance,"Honolulu, Hawaii",United States
,,,
http://www.thesoftwareconsultinggroup.com,Business Consulting and Services,"Toronto, ON",Canada
http://www.mitchcointernational.com,Food and Beverage Services,"St Matthews, Kentucky",United States
http://www.hkiff.org.hk,"Movies, Videos, and Sound","Kwun Tong, HKG",
http://joriszorg.nl,Ziekenhuizen en gezondheidszorg,Oirschot,Nederland
https://www.pinelandschool.org,,"Vineland, New Jersey",United States
http://www.psenergy.com.sg,Oil and Gas,Singapore,Singapore
,,,
,,,
http://www.sandycove.org,Hospitality,,
,,,
,Restaurants,Antwerpen,België / Belgique / Belgien
https://www.vanderkaay.com,Financial Services,"Newport Beach, California",United States
http://www.aristopharma.com,Pharmaceutical Manufacturing,Dhaka,বাংলাদেশ
,,,
http://www.dmos2002.de,Semiconductor Manufacturing,Dresden,Deutschland
https://www.facebook.com/Home-Heart-Health-281200568558378/?notif_t=page_admin&notif_id=1459951291697672,Hospitals and Health Care,,
https://www.techhard.ae/,النفط والغاز,"Dubai, Dubai",الإمارات العربية المتحدة
,,,
http://www.fhg.global,Maritime,"Limassol, Mesa Yeitonia",Κύπρος - Kıbrıs
http://www.darktrace.com,Computer and Network Security,"Cambridge, Cambridgeshire",United Kingdom
http://www.fosfa.org,International Trade and Development,"London, London",United States
https://www.bcncruiseport.com/,Maritime Transportation,"BARCELONA, BARCELONA",España
http://teleferico.com,Restaurants,MADRID,España
http://www.conseilsante.com,Business Consulting and Services,"Clichy, Île-de-France",France
http://servex-us.com/index.html,Advertising Services,"New York, New York, New York, New York",United States
http://www.comacchio.com/,Produzione di macchinari,"Riese Pio X, TV",Italia
http://www.grouplease.co.th/index.aspx,Financial Services,Bangkok,ประเทศไทย
https://sxi.aero/,Airlines and Aviation,"Bosschenhoofd, North Brabant",Nederland
http://www.omscomponents.it,Fabbricazione di macchinari industriali,"SAN VENDEMIANO, TV",Italia
https://www.biosonicsinc.com/,Environmental Services,"Seattle, Washington",United States
https://danagroups.com/,تصنيع الآلات الصناعية,"Dubai, UAE",الإمارات العربية المتحدة
https://www.vissan.com.vn/en/about-us/overview,Food and Beverage Manufacturing,,
http://www.prlabs.com,Wellness and Fitness Services,"Austin, TX",United States
https://www.vernegroup.com/,Servicios de TI y consultoría de TI,"Alicante, Alicante",España
http://www.revvaviation.com,Airlines and Aviation,"Sugar Grove, IL",United States
http://www.wcinet.com,Advertising Services,"Dubuque, Iowa",United States
,Design Services,,
http://www.ativy.com,Serviços e consultoria de TI,"Campinas, SP",Brasil
http://www.hacla.org/careers,Government Administration,"Los Angeles, California",United States
https://www.groupe-seche.com,Banking,CHANGE,France
,,,
https://tharworx.com/,Hospitals and Health Care,,
http://www.bianchiindustry.com,Machinery Manufacturing,"Verdellino, Bergamo",Italia
https://www.nts-group.nl/en/,Mechanical Or Industrial Engineering,Singapore,Singapore
https://www.nts-group.nl/en/,Mechanical Or Industrial Engineering,Singapore,Singapore
http://www.piramal.com/,Pharmaceutical Manufacturing,Mumbai,India
http://www.errebielle.it,Furniture,"CAMERANO, An",Italia
,,,
http://www.ulmacarretillas.com,"Transportation, Logistics, Supply Chain and Storage","Oñati, Gipuzkoa",España
,Musicians,"Bengaluru Central, Karnataka",India
http://www.alliedtoolssupply.com,Retail,"Louisville, Kentucky",United States
http://www.sakrgroup.net,Food and Beverage Services,,
http://countycourthouse.org,Government Administration,,
https://www.bocca-sacs.com,Commerce de gros,RUNGIS MIN,France
,,,
http://www.mangalagroup.com,Food Production,"Kochi, Kerala",India
http://www.monson.com.au,Maritime Transportation,"Fremantle, WA",Australia
https://www.ita-moulding-process.com,Services relatifs aux bâtiments,SEVERAC D'AVEYRON,France
http://www.giga.com.sg,Telecommunications,"Singapore, Singapore",Singapore
http://www.demechindia.com,Mechanical Or Industrial Engineering,"Pune, Maharashtra",India
http://www.precisionit.tech/,IT Services and IT Consulting,"Comuna 1, Buenos Aires Autonomous City",Argentina
https://www.securens.ai/,Security and Investigations,,
http://www.bianchiindustry.com,Machinery Manufacturing,"Verdellino, Bergamo",Italia
http://www.tecnosysitalia.it/,IT Services and IT Consulting,"Enna, ENNA",Italia
http://www.kaycan.com,Wholesale Building Materials,Pointe Claire,Canada
,Accounting,POITIERS,France
http://www.stolt-nielsen.com,"Transportation, Logistics, Supply Chain and Storage","London, London",United States
https://www.the3rivers.net/,Education Administration Programs,Morpeth,United Kingdom
http://bakermechanical.com/,Construction,"Sacramento, California",United States
,,,
,Truck Transportation,"Allen Park, Michigan",United States
http://stavinvest.cz,,,
https://www.kanelogistics.com/,"Transportation, Logistics, Supply Chain and Storage","Scranton, PA",United States
http://www.hitzler-ingenieure.de,Baugewerbe,"München, Bavaria",Deutschland
http://www.bbsautomation.com,Machinery Manufacturing,"Garching, Germany",Deutschland
http://www.spoormaker.co.za,Engineering Services,"Centurion, Gauteng",South Africa
http://www.r-pac.com,Packaging and Containers Manufacturing,"New York, NY",United States
https://gruppobeltrame.com/,Attività minerarie,"Vicenza, Italy",Italia
http://www.sabena-engineering.com,Airlines and Aviation,Zaventem,België / Belgique / Belgien
http://www.essendant.com,Wholesale,"Deerfield, IL",United States
http://www.ktcs.com,Entertainment,"Fort Smith, AR",United States
http://www.boothtransport.com,Truck Transportation,"Laverton North, VIC",Australia
http://www.reelfx.com,Broadcast Media Production and Distribution,"Dallas, TX",United States
https://www.buehnen.de/impressum,Chemical Manufacturing,Bremen,Deutschland
http://www.meatel.com,اتصالات,"Hazmieh-ML12103, Beirut",
,,,
http://WaldoGeneral.com,Business Consulting and Services,"Kansas City, Missouri",United States
,Human Resources Services,,
http://www.regaltax.us,Accounting,"Doral, Florida",United States
https://www.eMotorsDirect.ca,Wholesale,"Edmonton, AB",Canada
http://www.fiege.com,"Transport, Logistik, Lieferkette und Lagerhaltung","Greven, North Rhine-Westphalia",Deutschland
http://maximumind.com,Industrial Machinery Manufacturing,"Dallas, Texas",United States
http://www.plasticproductsco.com,Plastics Manufacturing,"Lindstrom, Minnesota",United States
http://jaureguy.com.ar,,,
http://www.schradercamargo.com,Construction,"Sopó, Cundinamarca",Colombia
http://www.grupohospitalarvidas.com.br,Hospitais e atendimento à saúde,"São Paulo, SP",Brasil
,Produzione lattiero-casearia,"Borso del Grappa, Veneto",Italia
http://wyckoffcomfort.com,Consumer Services,"Carlisle, Iowa",United States
http://greggardnergm.com,Retail,"Squamish, British Columbia",Canada
www.lubrimetal.com,Chemical Manufacturing,"Vercurago, Lombardy",Italia
,,,
,,,
http://www.cqservice.sk,Information Technology & Services,Bratislava,Slovensko
http://www.inphenix.com,Telecommunications,"Livermore, CA",United States
http://omgservicos.com.br,Security and Investigations,"Mogi-Guacu, São Paulo",Brasil
http://www.cktc-ksa.com,Professional Training and Coaching,"Al-Khobar , Eastern Province",السعودية
http://www.favoritefoods.com,Food and Beverage Services,"Somersworth, New Hampshire",United States
http://www.eprinsa.es,Government Administration,,
https://www.micos.com.au/,Construction,"Banksmeadow, NSW",Australia
http://www.drilmaco.com,Oil and Gas,,
http://heidelbergbread.com,Wholesale,"Herkimer, New York",United States
http://www.schauenburg-online.de,Mining,"Schauenburg, Hesse",Deutschland
https://www.alpes-sante-travail.org/,Organismes civiques et sociaux,"Grenoble, Auvergne Rhône Alpes",France
http://www.kisp.com,Design Services,"Toronto, Ontario",Canada
,Government Administration,,
http://www.audio-technica.com,Computers and Electronics Manufacturing,"Stow, Ohio",United States
http://www.mcna.net,Insurance,,
,"Movies, Videos, and Sound",Saint-Gilles,France
,,,
http://GreekPeak.net,Hospitality,"Cortland, New York",United States
,,,
http://ascentengrs.com,"Appliances, Electrical, and Electronics Manufacturing",,
,,,
https://nlsmichigan.org/,Non-profit Organizations,"Detroit , MI",United States
http://www.prlabs.com,Wellness and Fitness Services,"Austin, TX",United States
https://www.ybr.vic.edu.au/,Education Administration Programs,"St. Kilda East, Victoria",Australia
http://www.scandiagear.com,Apparel Manufacturing,Spijkenisse,Nederland
,,,
,,,
http://www.newbridgealliance.com,Human Resources,Singapore,Singapore
http://www.plasmasurgical.com,Wellness and Fitness Services,ABINGDON,United Kingdom
,Oil and Gas,"WATTANA, Bangkok",ประเทศไทย
http://www.egas.com.eg,Oil and Gas,"Cairo, 11371",Egypt مصر
,,,
http://www.goindigo.in,Airlines and Aviation,"Gurgaon, Haryana",India
http://www.hafele.com.sg,Building Materials,"Singapore, Singapore",Singapore
http://princepalace.co.th,Hospitality,"Klongmahanak, Bangkok",
http://www.nokair.com,Airlines and Aviation,,
,,,
,IT Services and IT Consulting,,
https://www.georgeleslie.co.uk/,Civil Engineering,"Barrhead, Scotland",United Kingdom
https://linktr.ee/westernmichu/,Higher Education,"Kalamazoo, MI",United States
http://www.cobcreditunion.com,Financial Services,"Bridgetown, St. Michael",Barbados
http://www.globalcommunities.org,International Trade and Development,"Silver Spring, MD",United States
http://www.lsa-international.com/,Manufacturing,"Sunbury On Thames, Middlesex",
http://www.HICO.com/en/,Aviation & Aerospace,"Vienna, Wien",Österreich
http://www.rosenbauer.com/,Automotive,"Leonding, Oberösterreich",Österreich
http://www.ilfsifin.com,Investment Banking,,
https://linktr.ee/royalmail,Truck Transportation,London,United Kingdom
http://www.skylinetrisource.com,Advertising Services,"Cleveland, Ohio",United States
http://www.cotteeparker.com.au,Architecture and Planning,"Brisbane, QLD",Australia
Beacontechsol.com,IT Services and IT Consulting,,
https://www.treves-group.com/,Motor Vehicle Parts Manufacturing,"Issy-les-Moulineaux, Île-de-France",France
,,,
http://www.carlocksystems.com,Productie motorvoertuigen,"Werkendam, North Brabant",Nederland
http://www.womgroup.com,Oil and Gas,"Houston, Texas",United States
,,,
http://www.elliotthomes.com,Real Estate,"Folsom, California",United States
http://www.departement-tm.estc.ma/,Higher Education,Casablanca,Maroc ⵍⵎⵖⵔⵉⴱ المغرب
,,,
http://www.jetboxcargo.com,"Transportation, Logistics, Supply Chain and Storage","Colima de Tibás, San José",Costa Rica
http://bakermechanical.com/,Construction,"Sacramento, California",United States
www.championfp.com,Construction,"Philadelphia, Pennsylvania",United States
http://www.inowai.com,Immobilier,"Luxembourg, Luxembourg",Lëtzebuerg
,,,
http://www.csdiavaz.com.mx,,,
https://www.isosteo.fr,Higher Education,Ecully,France
https://primorossi.com.br/,Serviços financeiros,"São Paulo, São Paulo",Brasil
http://innophaseinc.com/,Semiconductor Manufacturing,"San Diego, CA",United States
https://www.hotdesk.com,"Technology, Information and Internet",Dubai,الإمارات العربية المتحدة
http://www.fikes.com,Facilities Services,"Federal Way, Washington",United States
,,,
https://www.royallepage.ca,Real Estate,"Toronto, ON",Canada
https://www.ziapueblo.org/,Government Administration,"San Ysidro, New Mexico",United States
http://www.vitrox.com,"Appliances, Electrical, and Electronics Manufacturing","Batu Kawan, Penang",Malaysia
https://www.core-automation.gr/,Automation Machinery Manufacturing,"Nea Makri, Attiki",Ελλάς
http://www.piercetransit.org,Truck Transportation,"Lakewood, WA",United States
http://www.nationallocums.co.uk/,Staffing and Recruiting,"Milton Keynes, Buckinghamshire",United Kingdom
http://www.myerspowerproducts.com,"Appliances, Electrical, and Electronics Manufacturing","North Canton, OH",United States
http://www.cefcostores.com,Retail,"Temple, TX",United States
,,,
https://www.montibello.com/eng/,Fabricación de productos de cuidado personal,"Barcelona, Barcelona",España
http://www.richardsind.com/careers,Industrial Machinery Manufacturing,"Cincinnati, OH",United States
http://www.srf.com,Chemical Manufacturing,"Gurugram, Haryana, India",India
https://kbcattorneys.com,Law Practice,"New Rochelle, New York",United States
,,,
,,,
http://www.blackandwhitecabs.com.au,Travel Arrangements,"Brisbane Airport, QLD",Australia
http://www.semsinc.net,Environmental Services,"Baton Rouge, Louisiana",United States
http://www.tucsoneyecare.com,Medical Practices,"Tucson, Arizona",United States
http://laganscg.com/,Construction,"Belfast, Northern Ireland",United Kingdom
http://mdstrucking.com,International Trade and Development,"Watertown, Wisconsin",United States
http://www.menziesaviation.com/,Airlines and Aviation,"Edinburgh, Scotland",United Kingdom
https://www.prinovaglobal.com/eu/en,Food and Beverage Services,"London, England",United Kingdom
http://mhstechnologies.com,Construction,"Newland, North Carolina",United States
http://www.ppinvestors.com/,Real Estate,Central,Zambia
http://www.wilsonart.com,Wholesale Building Materials,"Temple, TX",United States
http://abrateandolsen.com,Law Practice,"Sacramento, CA",United States
,Wholesale,VERNOUILLET,France
http://www.covermeinsurance.com/,Insurance,"Linden, NJ",United States
http://www.mrkpc.com,Law Practice,"Richardson, TX",United States
,Servizi finanziari,,
http://www.arcessex.org,Individual and Family Services,"Livingston, NJ",United States
http://maysecc.com/,Construction,"Hixson, Tennessee",United States
https://transports-feuillet.fr/?utm_source=LinkedIn&utm_medium=Lien-Site&utm_campaign=Netlinking,Transport routier,DAGNEUX,France
http://www.interpaving.com,Construction,"Greater Sudbury, Ontario",Canada
http://www.adamjeeinsurance.com,Insurance,"Lahore, Punjab",پاکستان
http://www.ckffoods.com/,Food and Beverage Services,"Mt Prospect, Illinois",United States
http://www.hildinganders.com,Furniture and Home Furnishings Manufacturing,"Malmö, skåne",Sverige
,,,
http://www.phihong.com,Manufacturing,"Fremont, California",United States
http://www.bplawyers.com.au,Law Practice,"Melbourne, Victoria",Australia
http://www.virtuosgames.com,Computer Games,Singapore,Singapore
https://urmgrp.com,Business Consulting and Services,"New York, NY",United States
https://www.niceactimize.com/xceed/,Computer and Network Security,"Hoboken, New Jersey",United States
http://www.fabricatedpipe.com,Fabricated Metal Products,"Baton Rouge, Louisiana",United States
,,,
,,,
https://www.geraardsbergen.be,,Gent,België / Belgique / Belgien
http://www.parkavedoors.com,Wholesale Building Materials,"Brooklyn, NY",United States
https://www.tcels.or.th,Wellness and Fitness Services,"Bangkok, .",ประเทศไทย
http://2cara.fr,Comptabilité,Romans-sur-Isère,France
https://infinitetransports.com.sg/,"Transportation, Logistics, Supply Chain and Storage",Singapore,Singapore
https://www.cantinatollo.it/,Beverage Manufacturing,"Tollo, CHIETI",Italia
http://www.wealthwise.com.au,Financial Services,"Osborne Park, Western Australia",Australia
,,,
,,,
,,,
https://www.dsavocats.com,Law Practice,PARIS,France
https://www.airalbania.com.al/en/,Airlines and Aviation,"Tirana, Tirana",Shqipëria
,,,
http://www.bulldoggroupinc.com,Construction,"Winston-Salem, NC",United States
http://www.cplindustries.co.uk/,Oil and Coal Product Manufacturing,"Immingham Dock, England",United Kingdom
,,,
,,,
http://www.itservices.company,IT Services and IT Consulting,"Poznan, wielkopolskie",Polska
https://qsi-q3.com/,Consumer Services,"Bremen, Bremen",Deutschland
,,,
http://www.miguelmechanical.com,Oil and Gas,San Fernando,España
https://www.ibb-business-team.de,Finanzdienstleistungen,"Berlin, Berlin",Deutschland
http://www.payroll2u.com,Human Resources Services,Singapore,Singapore
http://verdiktas.lt,,,
http://www.duomedgroup.com,Medical Equipment Manufacturing,"Antwerp, Belgium",België / Belgique / Belgien
http://www.merlinpcbgroup.com,"Appliances, Electrical, and Electronics Manufacturing","Deeside, Flintshire",United Kingdom
http://www.politriz.ind.br/,Chemical Manufacturing,"Uberlândia, Minas Gerais",Brasil
http://www.atcuae.ae,Automotive,Dubai,الإمارات العربية المتحدة
,,,
http://www.akcengineers.com/,Civil Engineering,,
https://fulfilmentmatters.co.uk,"Transportation, Logistics, Supply Chain and Storage","Aylesbury, Buckinghamshire",United Kingdom
http://matrixglobalschool.org/,Pendidikan Tinggi,"Surat, Gujarat",India
http://www.russellfinex.com,Mechanical Or Industrial Engineering,"Feltham, MIddx",
https://fr.nuxe.com/,Personal Care Product Manufacturing,"Boulogne-Billancourt, Île-de-France",France
http://www.versteden.com/nl/banen/,Plasticproductie,Bergen op Zoom,Nederland
http://www.lidestrifoodanddrink.com,Food and Beverage Services,"Fairport, NY",United States
http://www.mueller-gartenbau.ch,Construction,"Udligenswil, Luzern",Schweiz/Suisse/Svizzera/Svizra
http://www.datair.com,Software Development,"Westmont, Illinois",United States
http://flatironssolutions.com,IT Services and IT Consulting,"Boulder, Colorado",United States
,,,
,,,
http://dimension-all.com.ph,Construction,"Pasig City, NCR",Philippines
http://www.sickkids.ca,Hospitals and Health Care,"Toronto, Ontario",Canada
,,,
,,,
https://www.portodelisboa.pt/,Administração de serviços,Lisboa,Portugal
http://www.aristopharma.com,Pharmaceutical Manufacturing,Dhaka,বাংলাদেশ
http://www.thedonovancompany.com,Accounting,,
,,,
http://www.agenziaentrate.gov.it/wps/portal/entrate/home,Government Administration,"Roma, Lazio",Italia
http://agriobtentions.fr,Farming,GUYANCOURT,France
http://www.jkagroup.com,Business Consulting and Services,,
,Manufacturing,"São Bernardo do Campo, São Paulo",Brasil
,,,
,,,
http://www.veolus.com,Generación de energía eléctrica,"México, Distrito Federal",México
https://luxeprint.com.sg/,Design Services,Singapore,Singapore
http://www.dof.com,Oil and Gas,Bergen,Norge
,,,
https://www.sentec.com,Medical Equipment Manufacturing,"Therwil, (Basel area)",
,,,
http://www.rkfoodland.com,"Transportation, Logistics, Supply Chain and Storage",Thane,India
https://amazingglobaltravel.com/,"Leisure, Travel & Tourism",Arizona,United States
,,,
,,,
http://www.eds-automotive.de,Motor Vehicle Manufacturing,"München - Feldmoching, Bayern",Deutschland
,,,
,,,
,,,
http://www.myersontooth.com,Medical Equipment Manufacturing,"Chicago, IL",United States
http://www.handrhealthcare.com,Medical Equipment Manufacturing,"Lakewood, New Jersey",United States
http://www.sentenia.net,Telecommunications,"Wakefield, MA",United States
,,,
,,,
https://www.colonialgeneral.com/,Insurance,"Scottsdale, Arizona",United States
https://www.amendllc.com,Business Consulting and Services,"Cincinnati, OH",United States
https://www.linkplus.com.tr/,Information Technology & Services,"İstanbul, Turkey",Türkiye
,Financial Services,"Warsaw, Mazowieckie",Polska
,IT Services and IT Consulting,"Calgary, Alberta",Canada
http://gulfcoastwindows.com,Construction,"Houston, Texas",United States
https://www.thecondorgroup.com,Construction,"Thiruvananthapuram, Kerala",India
http://www.cha-nc.org,Non-profit Organizations,Charlotte,United States
,,,
http://www.thaiho.com,Personal Care Product Manufacturing,"Shanghai, Shanghai",中国
https://www.ctrlrobotics.com,Information Technology & Services,Singapore,Singapore
https://www.richard-wolf.com/en/,Medical Equipment Manufacturing,"Knittlingen, Baden-Württemberg",Deutschland
http://www.car1.ca,Motor Vehicle Manufacturing,"Kingston, Ontario",Canada
http://www.adnecgroup.ae,خدمات المناسبات,Abu Dhabi,الإمارات العربية المتحدة
http://rockworthindia.com,Furniture,"chennai, tamilnadu",India
http://www.sinopecthc.com/,Oil and Gas,"Houston, Texas",United States
http://oehc.corsica,Government Administration,L'Île-Rousse,France
,,,
http://thenetcommunity.org,Non-profit Organization Management,New York,United States
https://www.hettichbenelux.com,Productie medische apparatuur,"Geldermalsen, Gelderland",Nederland
http://www.continental-careers.com,Motor Vehicle Manufacturing,Hanover,Deutschland
http://www.thalesgroup.com/,IT Services and IT Consulting,PARIS,France
,,,
,,,
http://www.excollective.com.au,Advertising Services,"Pyrmont, New South Wales",Australia
http://www.bellettiascensori.it,Fabbricazione di macchinari industriali,"Mestrino, PD",Italia
,,,
,,,
http://www.anchorboltcapital.com,Investment Management,"Chicago, IL",United States
http://fiscosaudepe.com.br,Insurance,"Recife, Pernambuco",Brasil
http://cacula.com.br,,,
http://www.close-upinternational.com,Business Consulting and Services,"Buenos Aires, Buenos Aires",Costa Rica
https://seamlessglobalsolutions.com/,Retail Apparel and Fashion,Federal District,Brasil
https://www.macrotel.com.ar,IT Services and IT Consulting,"Buenos Aires, Capital Federal",Argentina
https://sociedadbilbaina.com/,Organizaciones comunitarias y sociales,"Bilbao-Bilbo, País Vasco / Euskadi",España
http://www.byp-global.com,Advertising Services,"Sevilla, Sevilla",España
,,,
www.hoosierco.com,"Highway, Street, and Bridge Construction","Indianapolis, Indiana",United States
https://railway.app/,Software Development,,
http://www.lincare.com,Hospitals and Health Care,"Clearwater, Florida",United States
http://www.saurer.com,Herstellung von Industriemaschinen,"Arbon, Thurgau",Schweiz/Suisse/Svizzera/Svizra
http://greenquarterconsulting.com,Accounting,"White Rock, BC",Canada
https://steelesolutions.com,Manufacturing,"South Milwaukee, Wisconsin",United States
,,,
http://www.jobsatpendragongroup.co.uk,Motor Vehicle Manufacturing,"Annesley, Nottinghamshire",United Kingdom
http://www.kingfisherinsurance.com,Insurance,"London, England",United Kingdom
http://www.eeckman.eu,Insurance,Brussels,België / Belgique / Belgien
http://www.taiyi-cn.com,汽车,shenzhen City ，Guangdong Province,中国
,,,
http://tokaisolidtire.com/,Motor Vehicle Manufacturing,"Bangkok, Bangkok",ประเทศไทย
,,,
http://www.centurioncorp.com.sg,Hospitality,Singapore,Singapore
http://www.quantum-ce.co.uk,Civil Engineering,"Hertford, Hertfordshire",United Kingdom
https://emplois.groupesavoie.com/,Paper & Forest Products,"St-Quentin, New-Brunswick",Canada
http://www.eurekapuzzles.com,Retail,"Brookline, Ma",United States
,,,
,,,
http://www.villajuris.be,Law Practice,"Hasselt, Vlaanderen",België / Belgique / Belgien
http://www.heronconstruction.co.nz/,Maritime,Papakura,New Zealand / Aotearoa
,,,
,,,
https://www.facebook.com/NelsonsAutohaus,Motor Vehicle Manufacturing,Chonburi,ประเทศไทย
,,,
http://www.bigcenters.com,Real Estate,,
http://mtrxhealth.com,Information Technology & Services,"Marquette, MI",United States
http://mtrxhealth.com,Information Technology & Services,"Marquette, MI",United States
http://mtrxhealth.com,Information Technology & Services,"Marquette, MI",United States
http://mtrxhealth.com,Information Technology & Services,"Marquette, MI",United States
http://mtrxhealth.com,Information Technology & Services,"Marquette, MI",United States
http://www.tdwood.com,Commercial Real Estate,"Miami, Florida",United States
,,,
http://polycube.by/,"Transportation, Logistics, Supply Chain and Storage","Minsk, Minskaya",Беларусь
http://www.dmcinet.com,Construction,"Makati City, .",Philippines
https://www.securityalliancegroup.com,Security and Investigations,"Miami, Florida",United States
http://www.cedemo.com,Advertising Services,Monaco,Monaco
http://www.alliedusa.net,Hospitals and Health Care,"Lehi, Utah",United States
http://www.dragages-ports.fr,Services financiers,ROUEN CEDEX,
http://www.buydps.com,Packaging and Containers Manufacturing,,
,,,
http://www.hriindia.com,Personal Care Product Manufacturing,"Mumbai, Maharashtra",India
,Pharmaceutical Manufacturing,"MILANO, Mi",Italia
http://www.aidsalabama.org/,Non-profit Organizations,"Birmingham, Alabama",United States
http://www.toyotaalabang.com.ph/,Pagmamanupaktura ng Sasakyan,"Muntinlupa, Metro Manila",Philippines
http://www.samyang.com,Manufacturing,seoul,대한민국
http://www.bewdirect.co.uk,"Appliances, Electrical, and Electronics Manufacturing",,
,,,
,,,
http://www.nihonsakari.co.jp/index.shtml,Beverage Manufacturing,"西宮市用海町, 兵庫県",日本
,,,
https://www.melorita.com/,Pengambilan Kakitangan dan Perekrutan,"Petaling Jaya, Selangor",Malaysia
http://www.multicareinc.com,Hospitals and Health Care,"Meridian, ID",United States
http://www.rbroof.com,Construction,"Santa Ana, California",United States
http://www.idtechproducts.com,"Appliances, Electrical, and Electronics Manufacturing","Cypress, CA",United States
http://www.congerbuilt.com,Construction,"Lebanon, Ohio",United States
,,,
,,,
,,,
http://www.yourprivateitaly.com,Hospitality,Salerno,Italia
,,,
,,,
,,,
https://www.mts.ru,Telecommunications,Moscow,Россия
,,,
,,,
http://www.oki.com,Information Technology & Services,"São Paulo, São Paulo",Brasil
,Construction,RICHELIEU,France
,,,
,,,
,,,
http://kaffeeberlin.com,Restaurants,Lyon,France
http://www.scottobrothers.com,Hospitality,"Woodbury, NY",United States
https://www.equatoroses.com/,Wholesale Import and Export,"Miami, Florida",United States
http://www.softwareline.ae,Software Development,"Dubai, Dubai",الإمارات العربية المتحدة
https://www.dss.mil,Government Administration,,
,,,
http://myaliat.com,Human Resources Services,"Portland, Oregon",United States
https://www.d-securite.com,Services de bien-être et installations sportives,"Genas, Auvergne-Rhône-Alpes",France
http://www.medical69.com,Retail,LIMONEST,France
,,,
,Government Administration,"Courtland, Virginia",United States
http://www.cnagro.cl,Farming,"Las Condes, Región Metropolitana de Santiago",Chile
http://www.independence.co.kr,Media Production,Seoul,대한민국
http://www.makler.rs,Pharmaceutical Manufacturing,,
,,,
,,,
,,,
http://www.cityofbartlett.org,Government Administration,,
http://quintal.id,E-learning,"Jakarta, DKI Jakarta",Indonesia
,Civil Engineering,FAULQUEMONT,France
,,,
https://sarassure.com,Assurances,Montpellier,France
http://pays-colombey-sudtoulois.fr,Administration publique,"Colombey Les Belles, Grandest",
,,,
https://www.maleosante.fr/,,,
,,,
,,,
http://www.jt-engineering.com,Civil Engineering,"Hobart, Wisconsin",United States
http://www.euromip.com,"Fabrication d’appareils électroménagers, électriques et électroniques","Vélizy-Villacoublay, Île-de-France",France
http://www.euro-modules.fr,Construction,"Canton of Faulquemont, Grand Est",
,,,
http://www.cmb-artimmo.com/,Immobilier,PARIS,France
http://www.artdis.org.sg,Non-profit Organizations,"Singapore, Singapore",Singapore
http://www.kwpproducts.com/,Wholesale Building Materials,"Terrebonne, Quebec",Canada
,,,
http://www.cultivar.asia,Staffing and Recruiting,Singapore,Singapore
https://www.thezincgroup.com,Financial Services,"Stratford on Avon, Warwickshire",United Kingdom
,,"Denver, Colorado",United States
,,,
http://www.TAPCOcu.org,Financial Services,"Tacoma, WA",United States
http://www.idealtridon.com,Wholesale Building Materials,"Smyrna, Tennessee",United States
http://WWW.BAKKERHEFTRUCKS.COM,"Transport, logistiek, supplychain en opslag","Purmerend, Noord-Holland",Nederland
,Consumer Services,Santa Claus,United States
http://frigobandeira.com,Fisheries,PONTEVEDRA,España
,,,
http://www.aralaw.cr/,Law Practice,San José,Costa Rica
http://www.lacalera.com.pe,Food and Beverage Manufacturing,,
,,,
http://www.dcash.ca,Advertising Services,,
,,,
,,,
http://www.kisan.in,Events Services,"Pune, Maharashtra",India
,,,
https://www.hunters.security/,Computer and Network Security,"Tel Aviv, Israel",ישראל
http://marcopolohotels.com,Hospitality,"Kowloon, Hong Kong SAR, China",中国
https://www.metaage.com.tw/,資訊服務,Taipei City,臺灣
http://gavresorts.com.br,Planejamento de viagens,"Goiânia, Goiás",Brasil
,,,
,,,
,,,
http://www.finncoservices.com,Construction,"Fontana, California",United States
http://www.sports-city.org,Spectator Sports,,
http://www.kamut.com,Farming,"Missoula, Montana",United States
http://www.divultec.pt,Serviços e consultoria de TI,Porto,Portugal
,,,
,,,
http://www.floresfunza.com,Agricultura,"Bogota, Bogota, D.C.",Colombia
http://www.limar.com,Sporting Goods Manufacturing,"Costa di Mezzate, Bergamo",Italia
http://www.currierryan.com,Law Practice,"Boston, MA",United States
,,,
https://capsa2in1.com,Fabricación de embalaje y envases,"Canet de Mar, Barcelona",España
,,,
,,,
,,,
,,,
https://www.thininfra.nl,,,
http://www.statravel.com,Travel Arrangements,London,United Kingdom
,,,
https://www.lenax.com,Construction,"Los Angeles, CA",United States
http://www.stevesilvaplumbing.com,Construction,"Napa, CA",United States
http://sjvs.org,,,
http://www.galenica.com,Arzneimittelherstellung,Bern,Schweiz/Suisse/Svizzera/Svizra
http://www.draperyconceptsny.com,Construction,"Cleveland, Ohio",United States
http://www.cenviro.com,Perkhidmatan Persekitaran,"Kuala Lumpur, Wilayah Persekutuan Kuala Lumpur",Malaysia
https://www.kkcsworld.com,Construction,"Los Angeles, CA",United States
http://trufabengineering.com.au,Industrial Machinery Manufacturing,"Canning Vale, Western Australia",Australia
http://www.canteen.co.uk,Restaurants,,
https://www.perteet.com,Civil Engineering,"Everett, WA",United States
http://www.hikadikoy.com,Otelcilik,,
,,,
http://www.growag.com,Research Services,"Wagga Wagga, NSW",Australia
http://attorneyimmigrationcleveland.com,,"Cleveland, Ohio",United States
,,,
,,,
https://www.orioninc.com/,IT Services and IT Consulting,"Edison, New Jersey",United States
http://studiobarbara.com.au,Architecture and Planning,"Alexandria, NSW",Australia
https://destinationhope.com/,Mental Health Care,"Tamarac, Florida",United States
https://www.robitgroup.com,Mining,Lempäälä (Tampere Region),Suomi / Finland
http://www.nwpipe.com,Wholesale Building Materials,"Vancouver, Washington",United States
,,,
http://www.wabteccorp.com,Railroad Equipment Manufacturing,"Pittsburgh, Pennsylvania",United States
,,,
http://www.vsainc.com,Financial Services,"West Hills, California",United States
,,,
http://qualitymedicalgroup.com,Hospitals and Health Care,"South Plainfield, NJ",United States
https://www.faac.com,Software Development,"Ann Arbor, MI",United States
http://www.beckerlaw.com,Legal Services,"Louisville, KY",United States
,,,
http://www.centuryaluminum.com,Mining,"Chicago, IL",United States
http://www.lapostemobile.fr,Télécommunications,"Chaville, Ile-de-France",France
,,,
http://www.aha.io/,Software Development,"Remote, Global",
http://www.unimasters.com/,"Transportation, Logistics, Supply Chain and Storage",Sofia,Madagasikara / Madagascar
http://www.newwestmetals.com,Mining,"Winnipeg, Manitoba",Canada
https://www.trialpro.com,Law Practice,"Orlando, Florida",United States
https://hatcherins.com/,Insurance,"Orlando, Florida",United States
http://www.wrschool.org/,Education Administration Programs,"San Jose, CA",United States
http://tekinoxcampinas.com.br,Advertising Services,,
https://heykangaroo.com,Insurance,"New York City, New York",United States
,Motor Vehicle Manufacturing,,
http://www.prefloors.com,Construction,"San Jose, California",United States
http://www.scohil.com/,Construction,"Sugar Land, Texas",United States
https://shopper360.com.my/,Perkhidmatan Pengiklanan,"Petaling Jaya , Selangor",Malaysia
http://www.emunworks.com,Software Development,,
,,,
http://www.armassist.ie,Automotive,"Bray, Co Wicklow",Éire / Ireland
http://www.fruca.es,Servicios de alimentos y bebidas,"Balsapintada, Región de Murcia",España
https://www.groupehelios.com/,"Water, Waste, Steam, and Air Conditioning Services",Montréal,Canada
,,,
,Freight and Package Transportation,Caba,Argentina
,,,
,,,
,,,
http://ginkgobioworks.com/careers,Biotechnology Research,"Boston, MA",United States
http://www.agenziaentrate.gov.it/wps/portal/entrate/home,Government Administration,"Roma, Lazio",Italia
http://www.overseas-ast.com,Construction,"Dubai, Dubai",الإمارات العربية المتحدة
,Hospitality,"Yonkers, New York",United States
http://www.riken.jp/en/,Research Services,"Wako , Saitama",日本
,,,
http://www.osde.com.ar,Hospitales y atención sanitaria,"Ciudad Autónoma de Buenos Aires, Buenos Aires",Argentina
,Food and Beverage Manufacturing,VIRE NORMANDIE,France
https://www.bizerba.com/int/en/legal/imprint,Machinery Manufacturing,Balingen,Deutschland
,,,
https://www.eclipse-print.com/,Tiskařské služby,"Prague, Czech Republic",Česko
,,"CHANDIGARH, Chandigarh",India
,,,
,,,
,,,
http://www.lnic.com,Insurance,"Cockeysville, Maryland",United States
http://www.competencia.com,E-learning,Casablanca,Maroc ⵍⵎⵖⵔⵉⴱ المغرب
http://addconsult.be,Accounting,Bruxelles,België / Belgique / Belgien
http://www.zhulian.com.my,"Appliances, Electrical, and Electronics Manufacturing","Bayan Lepas, Penang",Malaysia
,Civic and Social Organizations,ST JEAN DE MONTS,France
http://christianaspinecenter.com,Medical Practices,"NEWARK, Delaware",United States
http://www.crbrandsinc.com,Manufacturing,"West Chester, Ohio",United States
https://www.clestra.com,Construction,Illkirch-Graffenstaden,France
https://www.rovagnati.us/,Food Production,"Vineland, New Jersey",United States
http://www.medcoenergi.com,Minyak dan Gas,"Jakarta, Jakarta",Indonesia
http://Www.cpicfiber.com,Plastics Manufacturing,,
,,,
http://www.columbiagrain.com,Food and Beverage Manufacturing,"Portland, Oregon",United States
http://www.genusplc.com,Biotechnology Research,"Basingstoke , Hampshire",United Kingdom
http://www.Bizframe.co.za,Software Development,"Johannesburg, Gauteng",South Africa
https://www.urc-automation.com/,Computers and Electronics Manufacturing,,
http://www.integrate.com,Software Development,"Phoenix, AZ",United States
,,,
,,,
https://etgworld.com,Food and Beverage Services,"Moka, Mauritius",Mauritius / Maurice
http://www.iis.edu.sg,Primary and Secondary Education,"Singapore, Singapore",Singapore
http://www.vsmpo-tirus.com,Mining,"Littleton, CO",United States
http://dothanhgroup.com,Automotive,Ho Chi Minh,Philippines
https://www.vioramed.com/product/enerjet/,Medical Equipment Manufacturing,"London, England",United Kingdom
http://www.securicon.com,Computer and Network Security,"Alexandria, Virginia",United States
,,,
http://www.tatatelebusiness.com,Telecommunications,"Navi Mumbai, Maharashtra",India
https://sinedieadvisor.com/,Telecomunicaciones,"Catarroja, Comunidad Valenciana / Comunitat Valenciana",España
http://www.cote.expert,Construction,"Boisbriand, Québec",Canada
http://www.aicsacorp.com,Construction,"Guatemala, Guatemala",Guatemala
http://www.fcps1.org,Primary and Secondary Education,"Warrenton, Virginia",United States
http://www.tayloredservices.com,Warehousing and Storage,"Edison, New Jersey",United States
,,,
https://www.thermae.com,,Kampenhout,België / Belgique / Belgien
http://www.erga.com,خدمات التصميم,"Awkar, Metn",لبنان
https://solveindustrial.co/linkedin,Machinery Manufacturing,"Charlotte, NC",United States
,,,
